{"default": {"n_partition": 1, "n_items": [1009], "exe_time": 0.8699541999999951}, "customized": {"n_partition": 2, "n_items": [519, 490], "exe_time": 2.2949781000000016}}